"gene1","gene2"
"ABCC1","ANXA2"
"ABCC1","ATP2B4"
"BMPR1A","ACVR2A"
"ADD3","CAV1"
"F3","ADORA2B"
"AGGF1","DAB2"
"AKT3","PDGFRB"
"ANXA2","COL1A1"
"ANXA2","COL1A2"
"ANXA2","COL3A1"
"ANXA2","COL5A2"
"ANXA2","DAB2"
"ANXA2","ERBB2"
"ANXA2","ITGB3"
"ANXA2","LAMC1"
"ANXA2","NEK7"
"ANXA2","NFKB1"
"ANXA2","NRP1"
"ANXA2","PDLIM5"
"ANXA2","PRKCA"
"ANXA2","RUNX1"
"ANXA2","SMAD3"
"TJP1","ANXA2"
"BHLHE40","ANXA4"
"DUSP1","ANXA4"
"MAGI2","APBB2"
"TJP1","APBB2"
"DAB2","ARHGEF9"
"SIPA1L1","ATP2B1"
"ATRX","ATP2C1"
"YTHDC1","ATRX"
"ATXN1","RBPMS"
"BCKDHB","DDAH1"
"PTPN21","BDNF"
"RND3","BDNF"
"BHLHE40","SLC22A18"
"BMPR1A","NOTCH2"
"CACNA1A","SYNJ2"
"CAP2","PMP22"
"CAV1","DLC1"
"CAV1","EFEMP1"
"CAV1","FBLN5"
"MAP1B","CAV1"
"MET","CAV1"
"NR3C1","CAV1"
"SDC2","CAV1"
"CAV1","SYNE1"
"CAV1","VAV2"
"DLG1","CDC42BPA"
"CDK13","DAB2"
"CDKN1B","SNAI2"
"CELF2","ID1"
"SMAD3","CITED2"
"COL1A2","DDAH1"
"COL5A2","COL11A1"
"DAB2","DBP"
"LPAR1","DAB2"
"DAB2","MGLL"
"MIOS","DAB2"
"MRPS31","DAB2"
"NFIB","DAB2"
"PIK3R3","DAB2"
"PLPP3","DAB2"
"SFMBT1","DAB2"
"DLC1","HAS2"
"RND3","DLG1"
"MET","DUSP1"
"SERPINE1","DUSP1"
"YTHDC1","DYRK1A"
"RASA2","ERBB2"
"TJP1","F3"
"GRK5","FBLN5"
"MET","FHL2"
"FZD2","FYN"
"FZD2","GJA1"
"GCNT1","VAV2"
"TJP1","GJA1"
"TJP1","ID1"
"IRS1","IGF1R"
"PTEN","IGF1R"
"IGF1R","SCAF8"
"IGFBP5","SNAI2"
"NOTCH2","KALRN"
"PDGFRB","KIT"
"LDLR","NOTCH2"
"LTBP1","NOTCH2"
"MAP2K5","SNAI2"
"SCAF8","MAPK14"
"MAPK14","SRI"
"MET","PPARG"
"MET","SNAI2"
"TJP1","MET"
"YTHDC1","MTA1"
"SMAD3","MYC"
"YTHDC1","NIPBL"
"NOTCH2","PDGFRB"
"SIPA1L1","NOTCH2"
"TJP1","NOTCH2"
"NR1D2","RND3"
"YTHDC1","PEX14"
"YTHDC1","PHF3"
"SMAD3","PIAS3"
"PRKCA","PIK3CD"
"TJP1","PMP22"
"TFPI","PPARG"
"PRDM2","YTHDC1"
"PRKCA","PRKCE"
"PRKCA","RGS4"
"PTPRM","SNAI2"
"TJP1","RBPMS"
"RND3","RXRA"
"TJP1","RND3"
"TJP1","SCAF8"
"SMAD3","SMAD7"
"SMAD3","TGFBR2"
"SMAD3","ZMIZ1"
"SYNJ2","SNAI2"
"TJP1","YTHDC1"
