"x","y","gene","clu"
0.10507592661246,0.211405639478311,"SLC19A1",1
0.609122289887983,0.114707510912088,"MRTO4",2
-0.635552260189671,-0.803013661515185,"TMEM97",3
-0.799537298614114,0.0553367996546216,"RRP9",4
0.00937572422153266,0.456415896919117,"PES1",5
-0.23100306660637,-0.999333933606332,"TFB2M",6
0.541401186986586,0.68614569977649,"EXOSC5",2
0.78548180719126,-0.467021779784069,"IPO4",2
0.684483532043652,-0.70960954402885,"NDUFAF4",7
-0.187894308496453,-0.175506110026427,"NOC4L",1
0.077222889420625,0.744115855562835,"MYC",5
0.636761585088776,-0.314044251132529,"SRM",2
0.301676719513387,-0.675420581671691,"PA2G4",8
0.410113943581572,-0.504500901005672,"GNL3",7
-0.210643186942202,-0.683927740876508,"NOLC1",1
-0.80400186855977,-0.364779029126142,"WDR43",1
0.2003228140743,0.961834450674536,"RABEPK",9
-0.282208007520808,-0.423867061145758,"NOP16",1
-0.519696642813667,0.729612998182031,"TBRG4",10
-0.0209034209996879,-0.850498453748239,"DDX18",11
-0.387407631625958,-0.766420733283884,"NIP7",6
0.109126473773767,-0.70117392596794,"WDR74",1
-0.681387456564898,0.209138518971749,"BYSL",1
0.103516064848046,-0.346911536715693,"HSPD1",1
-0.727710348495858,0.590859499888882,"PLK4",12
-0.502600375967615,-0.261564236105221,"NOP2",1
-0.739929841692677,-0.181345334879968,"PPAN",1
-0.5346611288997,-0.0240547924449253,"NOP56",1
-0.492842826691445,-0.512733452281185,"RCL1",1
-0.527174338154748,0.301921696016727,"NPM1",12
0.972965185340682,0.227589530302123,"AIMP2",2
-0.421074450974136,0.43977579372377,"RRP12",1
-0.903393349658977,0.359758124895612,"PPRC1",4
0.332024262171741,0.564207305323018,"TCOF1",2
0.757447953370412,0.276183577143412,"MCM5",2
-0.197923992256537,0.833052136892695,"HK2",13
0.8912631733282,0.45549870276645,"CBX3",2
0.400882836281637,0.302842375507175,"PLK1",2
-0.243771376472955,0.515395516589886,"PHB",10
1,0.0266049590670006,"MCM4",2
0.681024368042242,-0.095977305681642,"CDK4",2
-0.402474895775768,0.917723098534994,"DUSP2",14
-0.15683859769246,0.2456428462479,"MYBBP1A",1
-0.689198225595848,-0.533792596904085,"UTP20",1
0.580868691109533,0.457241738534178,"PRMT3",2
0.910463388998417,-0.136400620133311,"FARSA",2
0.427166188672873,0.908644894250726,"MAP3K6",15
0.0298944096373444,-0.0500880643965689,"LAS1L",1
0.280541183806833,-0.0189346478070762,"PUS1",1
0.940817844163715,-0.32677142063377,"HSPE1",2
-0.0499359501659191,1,"SLC29A2",16
0.219608526540932,-1,"DCTPP1",11
-1,-0.0370191483540447,"SUPV3L1",4
0.498801953401698,-0.875445400945461,"SORD",8
0.317905284829847,-0.269049641023968,"IMP4",1
-0.0396110295960814,-0.521586760559222,"GRWD1",1
0.749856019756671,0.628009898726172,"UNG",2
-0.318630916150927,0.0763060592505586,"MPHOSPH10",1
